{
    "loss": 1.2122606039047241,
    "accuracy": 0.6191999912261963
}